217 171 155;217 171 155;217 171 155;217 171 155;217 171 155;217 171 155;217 171 155;217 171 155;217 171 155;217 171 155;217 171 155;217 171 155;217 171 155;217 171 155;217 171 155;217 171 155;217 171 155;217 171 155;217 171 155;217 171 155;217 171 155;217 171 155;217 171 155;217 171 155;42 143 72;42 143 72;42 143 72;42 143 72;42 143 72;42 143 72;42 143 72;42 143 72;42 143 72;42 143 72;42 143 72;42 143 72;42 143 72;42 143 72;42 143 72;42 143 72;70 65 65;42 143 72;42 143 72;42 143 72;42 143 72;42 143 72;70 65 65;70 65 65;164 243 240;164 243 240;164 243 240;164 243 240;164 243 240;164 243 240;164 243 240;164 243 240;164 243 240;164 243 240;164 243 240;164 243 240;164 243 240;164 243 240;164 243 240;164 243 240;164 243 240;164 243 240;164 243 240;164 243 240;164 243 240;164 243 240;164 243 240;164 243 240;164 243 240;164 243 240;164 243 240;164 243 240;164 243 240;164 243 240;164 243 240;164 243 240;164 243 240;164 243 240;164 243 240;164 243 240;164 243 240;164 243 240;164 243 240;164 243 240;164 243 240;164 243 240;164 243 240;164 243 240;164 243 240;164 243 240;164 243 240;164 243 240;164 243 240;164 243 240;164 243 240;164 243 240;164 243 240;164 243 240;164 243 240;164 243 240;164 243 240;164 243 240;164 243 240;164 243 240;164 243 240;164 243 240;164 243 240;164 243 240;164 243 240;164 243 240;164 243 240;164 243 240;164 243 240;164 243 240;164 243 240;164 243 240;164 243 240;164 243 240;164 243 240;164 243 240;164 243 240;164 243 240;164 243 240;164 243 240;164 243 240;164 243 240;164 243 240;164 243 240;
217 171 155;217 171 155;217 171 155;217 171 155;217 171 155;217 171 155;217 171 155;217 171 155;217 171 155;217 171 155;217 171 155;217 171 155;217 171 155;217 171 155;217 171 155;217 171 155;217 171 155;217 171 155;217 171 155;217 171 155;217 171 155;217 171 155;217 171 155;217 171 155;42 143 72;42 143 72;42 143 72;42 143 72;42 143 72;42 143 72;42 143 72;42 143 72;42 143 72;42 143 72;42 143 72;42 143 72;42 143 72;42 143 72;42 143 72;42 143 72;70 65 65;42 143 72;42 143 72;42 143 72;42 143 72;42 143 72;70 65 65;70 65 65;164 243 240;164 243 240;164 243 240;164 243 240;164 243 240;164 243 240;164 243 240;164 243 240;164 243 240;164 243 240;164 243 240;164 243 240;164 243 240;164 243 240;164 243 240;164 243 240;164 243 240;164 243 240;164 243 240;164 243 240;164 243 240;164 243 240;164 243 240;164 243 240;164 243 240;164 243 240;164 243 240;164 243 240;164 243 240;164 243 240;164 243 240;164 243 240;164 243 240;164 243 240;164 243 240;164 243 240;164 243 240;164 243 240;164 243 240;164 243 240;164 243 240;164 243 240;164 243 240;164 243 240;164 243 240;164 243 240;164 243 240;164 243 240;164 243 240;164 243 240;164 243 240;164 243 240;164 243 240;164 243 240;164 243 240;164 243 240;164 243 240;164 243 240;164 243 240;164 243 240;164 243 240;164 243 240;164 243 240;164 243 240;164 243 240;164 243 240;164 243 240;164 243 240;164 243 240;164 243 240;164 243 240;164 243 240;164 243 240;164 243 240;164 243 240;164 243 240;164 243 240;164 243 240;164 243 240;164 243 240;164 243 240;164 243 240;164 243 240;164 243 240;
217 171 155;217 171 155;217 171 155;217 171 155;217 171 155;217 171 155;217 171 155;217 171 155;217 171 155;217 171 155;217 171 155;217 171 155;217 171 155;217 171 155;217 171 155;217 171 155;217 171 155;217 171 155;217 171 155;217 171 155;217 171 155;217 171 155;217 171 155;217 171 155;42 143 72;42 143 72;42 143 72;42 143 72;42 143 72;42 143 72;42 143 72;42 143 72;42 143 72;42 143 72;42 143 72;42 143 72;42 143 72;42 143 72;42 143 72;42 143 72;70 65 65;42 143 72;42 143 72;42 143 72;42 143 72;42 143 72;70 65 65;70 65 65;164 243 240;164 243 240;164 243 240;164 243 240;164 243 240;164 243 240;164 243 240;164 243 240;164 243 240;164 243 240;164 243 240;164 243 240;164 243 240;164 243 240;164 243 240;164 243 240;164 243 240;164 243 240;164 243 240;164 243 240;164 243 240;164 243 240;164 243 240;164 243 240;164 243 240;164 243 240;164 243 240;164 243 240;164 243 240;164 243 240;164 243 240;164 243 240;164 243 240;164 243 240;164 243 240;164 243 240;164 243 240;164 243 240;164 243 240;164 243 240;164 243 240;164 243 240;164 243 240;164 243 240;164 243 240;164 243 240;164 243 240;164 243 240;164 243 240;164 243 240;164 243 240;164 243 240;164 243 240;164 243 240;164 243 240;164 243 240;164 243 240;164 243 240;164 243 240;164 243 240;164 243 240;164 243 240;164 243 240;164 243 240;164 243 240;164 243 240;164 243 240;164 243 240;164 243 240;164 243 240;164 243 240;164 243 240;164 243 240;164 243 240;164 243 240;164 243 240;164 243 240;164 243 240;164 243 240;164 243 240;164 243 240;164 243 240;164 243 240;164 243 240;
217 171 155;217 171 155;217 171 155;217 171 155;217 171 155;217 171 155;217 171 155;217 171 155;217 171 155;217 171 155;217 171 155;217 171 155;217 171 155;217 171 155;217 171 155;217 171 155;217 171 155;217 171 155;217 171 155;217 171 155;217 171 155;217 171 155;217 171 155;217 171 155;42 143 72;42 143 72;42 143 72;42 143 72;42 143 72;42 143 72;42 143 72;42 143 72;42 143 72;42 143 72;42 143 72;42 143 72;42 143 72;42 143 72;42 143 72;42 143 72;70 65 65;42 143 72;42 143 72;42 143 72;42 143 72;42 143 72;70 65 65;70 65 65;164 243 240;164 243 240;164 243 240;164 243 240;164 243 240;164 243 240;164 243 240;164 243 240;164 243 240;164 243 240;164 243 240;164 243 240;164 243 240;164 243 240;164 243 240;164 243 240;164 243 240;164 243 240;164 243 240;164 243 240;164 243 240;164 243 240;164 243 240;164 243 240;164 243 240;164 243 240;164 243 240;164 243 240;164 243 240;164 243 240;164 243 240;164 243 240;164 243 240;164 243 240;164 243 240;164 243 240;164 243 240;164 243 240;164 243 240;164 243 240;164 243 240;164 243 240;164 243 240;164 243 240;164 243 240;164 243 240;164 243 240;164 243 240;164 243 240;164 243 240;164 243 240;164 243 240;164 243 240;164 243 240;164 243 240;164 243 240;164 243 240;164 243 240;164 243 240;164 243 240;164 243 240;164 243 240;164 243 240;164 243 240;164 243 240;164 243 240;164 243 240;164 243 240;164 243 240;164 243 240;164 243 240;164 243 240;164 243 240;164 243 240;164 243 240;164 243 240;164 243 240;164 243 240;164 243 240;164 243 240;164 243 240;164 243 240;164 243 240;164 243 240;
217 171 155;217 171 155;217 171 155;217 171 155;217 171 155;217 171 155;217 171 155;217 171 155;217 171 155;217 171 155;217 171 155;217 171 155;217 171 155;217 171 155;217 171 155;217 171 155;217 171 155;217 171 155;217 171 155;217 171 155;217 171 155;217 171 155;217 171 155;217 171 155;42 143 72;42 143 72;42 143 72;42 143 72;42 143 72;42 143 72;42 143 72;42 143 72;42 143 72;42 143 72;214 247 242;42 143 72;42 143 72;42 143 72;42 143 72;42 143 72;42 143 72;42 143 72;42 143 72;42 143 72;42 143 72;42 143 72;70 65 65;70 65 65;164 243 240;164 243 240;164 243 240;164 243 240;164 243 240;164 243 240;164 243 240;164 243 240;164 243 240;164 243 240;164 243 240;164 243 240;164 243 240;164 243 240;164 243 240;164 243 240;164 243 240;164 243 240;164 243 240;164 243 240;164 243 240;164 243 240;164 243 240;164 243 240;164 243 240;164 243 240;164 243 240;164 243 240;164 243 240;164 243 240;164 243 240;164 243 240;164 243 240;164 243 240;164 243 240;164 243 240;164 243 240;164 243 240;164 243 240;164 243 240;164 243 240;164 243 240;164 243 240;164 243 240;164 243 240;164 243 240;164 243 240;164 243 240;164 243 240;164 243 240;164 243 240;164 243 240;164 243 240;164 243 240;164 243 240;164 243 240;164 243 240;164 243 240;164 243 240;164 243 240;164 243 240;164 243 240;164 243 240;164 243 240;164 243 240;164 243 240;164 243 240;164 243 240;164 243 240;164 243 240;164 243 240;164 243 240;164 243 240;164 243 240;164 243 240;164 243 240;164 243 240;164 243 240;164 243 240;164 243 240;164 243 240;164 243 240;164 243 240;164 243 240;
217 171 155;217 171 155;217 171 155;217 171 155;217 171 155;217 171 155;217 171 155;217 171 155;217 171 155;217 171 155;217 171 155;217 171 155;217 171 155;217 171 155;217 171 155;217 171 155;217 171 155;217 171 155;217 171 155;217 171 155;217 171 155;217 171 155;217 171 155;217 171 155;42 143 72;42 143 72;42 143 72;42 143 72;42 143 72;42 143 72;42 143 72;42 143 72;214 247 242;214 247 242;214 247 242;214 247 242;42 143 72;42 143 72;42 143 72;42 143 72;42 143 72;42 143 72;42 143 72;42 143 72;42 143 72;42 143 72;70 65 65;70 65 65;164 243 240;164 243 240;164 243 240;164 243 240;164 243 240;164 243 240;164 243 240;164 243 240;164 243 240;164 243 240;164 243 240;164 243 240;164 243 240;164 243 240;164 243 240;164 243 240;164 243 240;164 243 240;164 243 240;164 243 240;164 243 240;164 243 240;164 243 240;164 243 240;164 243 240;164 243 240;164 243 240;164 243 240;164 243 240;164 243 240;164 243 240;164 243 240;164 243 240;164 243 240;164 243 240;164 243 240;164 243 240;164 243 240;164 243 240;164 243 240;164 243 240;164 243 240;164 243 240;164 243 240;164 243 240;164 243 240;164 243 240;164 243 240;164 243 240;164 243 240;164 243 240;164 243 240;164 243 240;164 243 240;164 243 240;164 243 240;164 243 240;164 243 240;164 243 240;164 243 240;164 243 240;164 243 240;70 65 65;70 65 65;164 243 240;164 243 240;164 243 240;164 243 240;164 243 240;164 243 240;164 243 240;164 243 240;164 243 240;164 243 240;164 243 240;164 243 240;164 243 240;164 243 240;164 243 240;164 243 240;164 243 240;164 243 240;164 243 240;164 243 240;
217 171 155;217 171 155;217 171 155;217 171 155;217 171 155;217 171 155;217 171 155;217 171 155;217 171 155;217 171 155;217 171 155;217 171 155;217 171 155;217 171 155;217 171 155;217 171 155;217 171 155;217 171 155;242 207 42;229 233 72;229 233 72;217 171 155;217 171 155;217 171 155;42 143 72;42 143 72;42 143 72;42 143 72;42 143 72;42 143 72;42 143 72;42 143 72;214 247 242;42 143 72;214 247 242;42 143 72;42 143 72;214 247 242;42 143 72;42 143 72;42 143 72;42 143 72;42 143 72;42 143 72;42 143 72;42 143 72;70 65 65;70 65 65;164 243 240;164 243 240;164 243 240;164 243 240;164 243 240;164 243 240;164 243 240;164 243 240;164 243 240;164 243 240;164 243 240;164 243 240;164 243 240;164 243 240;164 243 240;164 243 240;164 243 240;164 243 240;164 243 240;164 243 240;164 243 240;164 243 240;164 243 240;164 243 240;164 243 240;164 243 240;164 243 240;164 243 240;164 243 240;164 243 240;164 243 240;164 243 240;164 243 240;164 243 240;164 243 240;164 243 240;164 243 240;164 243 240;164 243 240;164 243 240;164 243 240;164 243 240;164 243 240;164 243 240;164 243 240;164 243 240;164 243 240;164 243 240;88 149 149;42 143 72;42 143 72;42 143 72;42 143 72;42 143 72;42 143 72;164 243 240;164 243 240;164 243 240;164 243 240;164 243 240;164 243 240;164 243 240;164 243 240;70 65 65;164 243 240;164 243 240;164 243 240;164 243 240;164 243 240;164 243 240;164 243 240;164 243 240;164 243 240;164 243 240;164 243 240;164 243 240;164 243 240;164 243 240;164 243 240;164 243 240;164 243 240;164 243 240;164 243 240;164 243 240;
217 171 155;217 171 155;217 171 155;217 171 155;217 171 155;217 171 155;217 171 155;217 171 155;217 171 155;217 171 155;217 171 155;217 171 155;217 171 155;217 171 155;217 171 155;217 171 155;217 171 155;242 207 42;242 207 42;229 233 72;229 233 72;229 233 72;217 171 155;217 171 155;42 143 72;42 143 72;42 143 72;42 143 72;42 143 72;42 143 72;42 143 72;214 247 242;42 143 72;42 143 72;42 143 72;42 143 72;42 143 72;214 247 242;42 143 72;42 143 72;42 143 72;42 143 72;42 143 72;42 143 72;42 143 72;42 143 72;70 65 65;70 65 65;164 243 240;164 243 240;164 243 240;164 243 240;164 243 240;164 243 240;164 243 240;164 243 240;164 243 240;164 243 240;164 243 240;164 243 240;164 243 240;164 243 240;164 243 240;164 243 240;164 243 240;164 243 240;164 243 240;164 243 240;164 243 240;164 243 240;164 243 240;164 243 240;164 243 240;164 243 240;164 243 240;164 243 240;164 243 240;164 243 240;164 243 240;164 243 240;164 243 240;164 243 240;164 243 240;164 243 240;88 149 149;164 243 240;164 243 240;164 243 240;42 143 72;42 143 72;42 143 72;42 143 72;42 143 72;42 143 72;42 143 72;42 143 72;42 143 72;70 65 65;42 143 72;42 143 72;42 143 72;42 143 72;42 143 72;42 143 72;42 143 72;42 143 72;42 143 72;42 143 72;42 143 72;42 143 72;88 149 149;88 149 149;164 243 240;164 243 240;164 243 240;164 243 240;164 243 240;164 243 240;159 82 55;164 243 240;164 243 240;164 243 240;164 243 240;164 243 240;164 243 240;164 243 240;164 243 240;164 243 240;164 243 240;164 243 240;164 243 240;164 243 240;
217 171 155;217 171 155;217 171 155;217 171 155;217 171 155;217 171 155;217 171 155;217 171 155;217 171 155;217 171 155;217 171 155;217 171 155;217 171 155;217 171 155;217 171 155;217 171 155;217 171 155;242 207 42;229 233 72;229 233 72;229 233 72;229 233 72;217 171 155;217 171 155;42 143 72;42 143 72;42 143 72;42 143 72;42 143 72;42 143 72;42 143 72;214 247 242;42 143 72;42 143 72;42 143 72;42 143 72;42 143 72;214 247 242;42 143 72;42 143 72;42 143 72;42 143 72;42 143 72;42 143 72;42 143 72;42 143 72;70 65 65;70 65 65;164 243 240;164 243 240;164 243 240;164 243 240;164 243 240;164 243 240;164 243 240;164 243 240;164 243 240;164 243 240;164 243 240;164 243 240;164 243 240;164 243 240;164 243 240;164 243 240;164 243 240;164 243 240;164 243 240;164 243 240;164 243 240;164 243 240;164 243 240;164 243 240;164 243 240;164 243 240;164 243 240;164 243 240;164 243 240;164 243 240;164 243 240;164 243 240;164 243 240;164 243 240;164 243 240;88 149 149;88 149 149;42 143 72;42 143 72;70 65 65;70 65 65;70 65 65;70 65 65;42 143 72;42 143 72;42 143 72;42 143 72;42 143 72;42 143 72;42 143 72;42 143 72;42 143 72;42 143 72;42 143 72;42 143 72;42 143 72;42 143 72;42 143 72;42 143 72;42 143 72;70 65 65;42 143 72;88 149 149;88 149 149;164 243 240;70 65 65;70 65 65;70 65 65;70 65 65;214 247 242;214 247 242;164 243 240;164 243 240;164 243 240;164 243 240;164 243 240;164 243 240;164 243 240;164 243 240;164 243 240;164 243 240;164 243 240;164 243 240;164 243 240;
217 171 155;217 171 155;217 171 155;217 171 155;217 171 155;217 171 155;217 171 155;217 171 155;217 171 155;217 171 155;217 171 155;217 171 155;217 171 155;217 171 155;217 171 155;217 171 155;242 207 42;242 207 42;242 207 42;229 233 72;229 233 72;229 233 72;229 233 72;217 171 155;42 143 72;42 143 72;42 143 72;42 143 72;42 143 72;42 143 72;42 143 72;214 247 242;42 143 72;42 143 72;214 247 242;42 143 72;214 247 242;42 143 72;42 143 72;42 143 72;42 143 72;42 143 72;42 143 72;42 143 72;42 143 72;42 143 72;42 143 72;42 143 72;164 243 240;164 243 240;164 243 240;164 243 240;164 243 240;159 82 55;164 243 240;164 243 240;164 243 240;164 243 240;164 243 240;164 243 240;164 243 240;164 243 240;164 243 240;164 243 240;164 243 240;164 243 240;164 243 240;164 243 240;164 243 240;164 243 240;164 243 240;164 243 240;164 243 240;164 243 240;164 243 240;164 243 240;164 243 240;164 243 240;164 243 240;164 243 240;88 149 149;88 149 149;88 149 149;88 149 149;42 143 72;70 65 65;88 149 149;88 149 149;88 149 149;88 149 149;88 149 149;42 143 72;42 143 72;42 143 72;42 143 72;42 143 72;42 143 72;42 143 72;42 143 72;42 143 72;42 143 72;42 143 72;42 143 72;42 143 72;42 143 72;42 143 72;42 143 72;42 143 72;70 65 65;42 143 72;88 149 149;88 149 149;164 243 240;214 247 242;214 247 242;214 247 242;214 247 242;214 247 242;214 247 242;164 243 240;164 243 240;164 243 240;164 243 240;164 243 240;164 243 240;164 243 240;164 243 240;164 243 240;164 243 240;164 243 240;164 243 240;164 243 240;
217 171 155;217 171 155;217 171 155;217 171 155;217 171 155;217 171 155;217 171 155;217 171 155;217 171 155;217 171 155;217 171 155;217 171 155;217 171 155;217 171 155;217 171 155;217 171 155;217 171 155;159 82 55;159 82 55;159 82 55;70 65 65;70 65 65;217 171 155;217 171 155;42 143 72;42 143 72;42 143 72;42 143 72;42 143 72;42 143 72;42 143 72;42 143 72;42 143 72;214 247 242;214 247 242;214 247 242;214 247 242;42 143 72;42 143 72;42 143 72;42 143 72;42 143 72;42 143 72;42 143 72;42 143 72;42 143 72;42 143 72;42 143 72;164 243 240;164 243 240;164 243 240;164 243 240;159 82 55;217 171 155;217 171 155;164 243 240;164 243 240;164 243 240;164 243 240;164 243 240;164 243 240;164 243 240;164 243 240;164 243 240;164 243 240;164 243 240;164 243 240;164 243 240;164 243 240;164 243 240;164 243 240;164 243 240;164 243 240;164 243 240;164 243 240;164 243 240;164 243 240;164 243 240;88 149 149;88 149 149;88 149 149;88 149 149;88 149 149;42 143 72;42 143 72;88 149 149;88 149 149;88 149 149;88 149 149;88 149 149;88 149 149;88 149 149;42 143 72;42 143 72;42 143 72;42 143 72;42 143 72;42 143 72;42 143 72;42 143 72;42 143 72;42 143 72;42 143 72;42 143 72;42 143 72;42 143 72;42 143 72;42 143 72;70 65 65;42 143 72;88 149 149;88 149 149;164 243 240;164 243 240;88 149 149;88 149 149;88 149 149;70 65 65;88 149 149;88 149 149;88 149 149;88 149 149;88 149 149;88 149 149;164 243 240;164 243 240;164 243 240;164 243 240;164 243 240;164 243 240;164 243 240;164 243 240;
217 171 155;217 171 155;217 171 155;217 171 155;217 171 155;217 171 155;217 171 155;217 171 155;217 171 155;217 171 155;217 171 155;217 171 155;217 171 155;217 171 155;217 171 155;217 171 155;217 171 155;159 82 55;159 82 55;159 82 55;159 82 55;159 82 55;217 171 155;217 171 155;42 143 72;42 143 72;42 143 72;42 143 72;42 143 72;42 143 72;42 143 72;42 143 72;42 143 72;42 143 72;214 247 242;42 143 72;42 143 72;42 143 72;42 143 72;42 143 72;42 143 72;42 143 72;42 143 72;42 143 72;42 143 72;42 143 72;42 143 72;42 143 72;164 243 240;164 243 240;164 243 240;217 171 155;159 82 55;159 82 55;159 82 55;159 82 55;164 243 240;164 243 240;164 243 240;164 243 240;164 243 240;164 243 240;164 243 240;164 243 240;164 243 240;164 243 240;164 243 240;164 243 240;164 243 240;164 243 240;164 243 240;164 243 240;164 243 240;164 243 240;164 243 240;164 243 240;164 243 240;88 149 149;88 149 149;70 65 65;70 65 65;88 149 149;88 149 149;42 143 72;70 65 65;88 149 149;88 149 149;88 149 149;88 149 149;88 149 149;88 149 149;88 149 149;88 149 149;88 149 149;88 149 149;42 143 72;42 143 72;42 143 72;42 143 72;42 143 72;42 143 72;42 143 72;42 143 72;42 143 72;42 143 72;42 143 72;42 143 72;42 143 72;70 65 65;42 143 72;88 149 149;88 149 149;164 243 240;214 247 242;214 247 242;214 247 242;70 65 65;70 65 65;70 65 65;70 65 65;70 65 65;70 65 65;70 65 65;70 65 65;164 243 240;164 243 240;164 243 240;164 243 240;164 243 240;164 243 240;164 243 240;164 243 240;
217 171 155;217 171 155;217 171 155;217 171 155;217 171 155;217 171 155;217 171 155;217 171 155;217 171 155;217 171 155;217 171 155;217 171 155;217 171 155;217 171 155;217 171 155;217 171 155;217 171 155;159 82 55;159 82 55;159 82 55;159 82 55;217 171 155;217 171 155;217 171 155;42 143 72;42 143 72;42 143 72;42 143 72;42 143 72;42 143 72;42 143 72;42 143 72;42 143 72;42 143 72;42 143 72;42 143 72;42 143 72;42 143 72;42 143 72;42 143 72;42 143 72;42 143 72;42 143 72;42 143 72;42 143 72;42 143 72;42 143 72;42 143 72;164 243 240;164 243 240;164 243 240;159 82 55;159 82 55;159 82 55;214 247 242;214 247 242;164 243 240;164 243 240;164 243 240;164 243 240;164 243 240;164 243 240;164 243 240;164 243 240;164 243 240;214 247 242;214 247 242;214 247 242;214 247 242;214 247 242;214 247 242;214 247 242;214 247 242;214 247 242;214 247 242;88 149 149;70 65 65;70 65 65;70 65 65;70 65 65;88 149 149;88 149 149;42 143 72;70 65 65;88 149 149;88 149 149;88 149 149;88 149 149;88 149 149;88 149 149;88 149 149;42 143 72;42 143 72;42 143 72;42 143 72;42 143 72;42 143 72;42 143 72;42 143 72;42 143 72;42 143 72;42 143 72;42 143 72;42 143 72;42 143 72;42 143 72;42 143 72;42 143 72;70 65 65;42 143 72;42 143 72;70 65 65;164 243 240;214 247 242;214 247 242;214 247 242;88 149 149;88 149 149;164 243 240;164 243 240;88 149 149;88 149 149;164 243 240;164 243 240;164 243 240;164 243 240;164 243 240;164 243 240;164 243 240;164 243 240;164 243 240;164 243 240;
217 171 155;217 171 155;217 171 155;217 171 155;217 171 155;217 171 155;217 171 155;217 171 155;217 171 155;217 171 155;217 171 155;217 171 155;217 171 155;217 171 155;217 171 155;217 171 155;217 171 155;217 171 155;159 82 55;159 82 55;159 82 55;159 82 55;217 171 155;217 171 155;42 143 72;42 143 72;42 143 72;42 143 72;42 143 72;42 143 72;42 143 72;42 143 72;42 143 72;42 143 72;42 143 72;42 143 72;42 143 72;42 143 72;42 143 72;42 143 72;42 143 72;42 143 72;42 143 72;42 143 72;42 143 72;42 143 72;42 143 72;42 143 72;42 143 72;214 247 242;214 247 242;159 82 55;248 223 159;248 223 159;248 223 159;248 223 159;214 247 242;214 247 242;214 247 242;214 247 242;214 247 242;214 247 242;214 247 242;214 247 242;214 247 242;214 247 242;214 247 242;214 247 242;214 247 242;214 247 242;214 247 242;214 247 242;214 247 242;88 149 149;88 149 149;70 65 65;88 149 149;88 149 149;88 149 149;70 65 65;88 149 149;88 149 149;42 143 72;70 65 65;164 243 240;164 243 240;164 243 240;164 243 240;164 243 240;164 243 240;164 243 240;164 243 240;164 243 240;164 243 240;164 243 240;164 243 240;164 243 240;164 243 240;164 243 240;164 243 240;164 243 240;164 243 240;164 243 240;164 243 240;164 243 240;164 243 240;164 243 240;164 243 240;70 65 65;42 143 72;42 143 72;70 65 65;164 243 240;70 65 65;214 247 242;214 247 242;164 243 240;164 243 240;164 243 240;164 243 240;88 149 149;88 149 149;164 243 240;164 243 240;164 243 240;164 243 240;164 243 240;164 243 240;164 243 240;164 243 240;164 243 240;164 243 240;
217 171 155;217 171 155;217 171 155;217 171 155;217 171 155;217 171 155;217 171 155;217 171 155;217 171 155;217 171 155;217 171 155;217 171 155;217 171 155;217 171 155;217 171 155;217 171 155;217 171 155;217 171 155;217 171 155;159 82 55;159 82 55;217 171 155;217 171 155;217 171 155;42 143 72;42 143 72;42 143 72;42 143 72;42 143 72;42 143 72;42 143 72;42 143 72;42 143 72;42 143 72;42 143 72;42 143 72;42 143 72;42 143 72;42 143 72;42 143 72;42 143 72;42 143 72;42 143 72;42 143 72;42 143 72;42 143 72;42 143 72;42 143 72;42 143 72;214 247 242;214 247 242;214 247 242;214 247 242;214 247 242;214 247 242;214 247 242;214 247 242;214 247 242;214 247 242;214 247 242;214 247 242;214 247 242;214 247 242;214 247 242;214 247 242;214 247 242;214 247 242;214 247 242;214 247 242;214 247 242;214 247 242;214 247 242;42 143 72;70 65 65;42 143 72;42 143 72;42 143 72;42 143 72;70 65 65;42 143 72;42 143 72;42 143 72;70 65 65;42 143 72;42 143 72;42 143 72;42 143 72;42 143 72;42 143 72;42 143 72;42 143 72;42 143 72;42 143 72;42 143 72;42 143 72;42 143 72;42 143 72;42 143 72;42 143 72;42 143 72;42 143 72;42 143 72;42 143 72;42 143 72;42 143 72;42 143 72;42 143 72;42 143 72;70 65 65;42 143 72;42 143 72;70 65 65;164 243 240;70 65 65;214 247 242;214 247 242;88 149 149;88 149 149;88 149 149;88 149 149;70 65 65;88 149 149;164 243 240;164 243 240;164 243 240;164 243 240;164 243 240;164 243 240;164 243 240;164 243 240;164 243 240;164 243 240;
217 171 155;217 171 155;217 171 155;217 171 155;217 171 155;217 171 155;217 171 155;217 171 155;217 171 155;217 171 155;217 171 155;217 171 155;217 171 155;217 171 155;217 171 155;217 171 155;217 171 155;217 171 155;70 65 65;70 65 65;70 65 65;159 82 55;217 171 155;217 171 155;42 143 72;42 143 72;217 171 155;42 143 72;42 143 72;42 143 72;42 143 72;42 143 72;42 143 72;42 143 72;42 143 72;42 143 72;42 143 72;42 143 72;42 143 72;42 143 72;42 143 72;42 143 72;42 143 72;42 143 72;42 143 72;42 143 72;42 143 72;42 143 72;42 143 72;214 247 242;214 247 242;214 247 242;214 247 242;214 247 242;214 247 242;214 247 242;214 247 242;214 247 242;214 247 242;214 247 242;214 247 242;214 247 242;214 247 242;214 247 242;214 247 242;214 247 242;214 247 242;214 247 242;214 247 242;214 247 242;214 247 242;42 143 72;70 65 65;42 143 72;42 143 72;42 143 72;42 143 72;42 143 72;42 143 72;42 143 72;42 143 72;42 143 72;42 143 72;42 143 72;42 143 72;42 143 72;42 143 72;42 143 72;42 143 72;42 143 72;42 143 72;42 143 72;42 143 72;42 143 72;42 143 72;42 143 72;42 143 72;42 143 72;42 143 72;42 143 72;42 143 72;42 143 72;42 143 72;42 143 72;42 143 72;42 143 72;42 143 72;42 143 72;70 65 65;42 143 72;42 143 72;70 65 65;164 243 240;70 65 65;214 247 242;214 247 242;70 65 65;88 149 149;88 149 149;88 149 149;70 65 65;70 65 65;214 247 242;214 247 242;88 149 149;164 243 240;164 243 240;164 243 240;164 243 240;164 243 240;164 243 240;164 243 240;
242 207 42;242 207 42;242 207 42;242 207 42;217 171 155;217 171 155;217 171 155;217 171 155;217 171 155;217 171 155;217 171 155;217 171 155;217 171 155;217 171 155;217 171 155;217 171 155;217 171 155;242 207 42;242 207 42;70 65 65;70 65 65;242 207 42;242 207 42;42 143 72;42 143 72;42 143 72;42 143 72;42 143 72;42 143 72;42 143 72;42 143 72;42 143 72;42 143 72;42 143 72;42 143 72;42 143 72;42 143 72;42 143 72;42 143 72;42 143 72;42 143 72;42 143 72;42 143 72;42 143 72;42 143 72;42 143 72;42 143 72;42 143 72;214 247 242;214 247 242;214 247 242;214 247 242;214 247 242;214 247 242;214 247 242;214 247 242;214 247 242;214 247 242;214 247 242;214 247 242;214 247 242;214 247 242;214 247 242;214 247 242;214 247 242;214 247 242;214 247 242;214 247 242;214 247 242;214 247 242;42 143 72;70 65 65;42 143 72;42 143 72;42 143 72;42 143 72;42 143 72;70 65 65;42 143 72;42 143 72;42 143 72;70 65 65;42 143 72;42 143 72;42 143 72;42 143 72;42 143 72;42 143 72;42 143 72;42 143 72;42 143 72;42 143 72;42 143 72;42 143 72;42 143 72;42 143 72;42 143 72;42 143 72;42 143 72;42 143 72;42 143 72;42 143 72;42 143 72;42 143 72;42 143 72;42 143 72;42 143 72;42 143 72;70 65 65;42 143 72;42 143 72;70 65 65;164 243 240;70 65 65;214 247 242;214 247 242;70 65 65;88 149 149;88 149 149;88 149 149;70 65 65;70 65 65;214 247 242;214 247 242;88 149 149;88 149 149;164 243 240;164 243 240;164 243 240;164 243 240;164 243 240;164 243 240;
242 207 42;242 207 42;242 207 42;242 207 42;242 207 42;242 207 42;217 171 155;217 171 155;217 171 155;217 171 155;217 171 155;217 171 155;217 171 155;217 171 155;217 171 155;217 171 155;70 65 65;242 207 42;242 207 42;70 65 65;70 65 65;242 207 42;242 207 42;70 65 65;42 143 72;217 171 155;217 171 155;42 143 72;42 143 72;42 143 72;42 143 72;42 143 72;42 143 72;42 143 72;42 143 72;42 143 72;42 143 72;42 143 72;42 143 72;42 143 72;42 143 72;42 143 72;42 143 72;42 143 72;42 143 72;42 143 72;42 143 72;42 143 72;214 247 242;214 247 242;214 247 242;214 247 242;214 247 242;214 247 242;214 247 242;214 247 242;214 247 242;214 247 242;214 247 242;214 247 242;214 247 242;214 247 242;214 247 242;214 247 242;214 247 242;214 247 242;214 247 242;214 247 242;214 247 242;42 143 72;70 65 65;42 143 72;42 143 72;42 143 72;42 143 72;42 143 72;70 65 65;42 143 72;42 143 72;42 143 72;42 143 72;70 65 65;70 65 65;42 143 72;42 143 72;42 143 72;42 143 72;42 143 72;42 143 72;42 143 72;42 143 72;42 143 72;42 143 72;42 143 72;42 143 72;42 143 72;42 143 72;42 143 72;42 143 72;42 143 72;42 143 72;42 143 72;42 143 72;42 143 72;42 143 72;42 143 72;42 143 72;42 143 72;70 65 65;42 143 72;42 143 72;70 65 65;164 243 240;70 65 65;214 247 242;214 247 242;70 65 65;70 65 65;88 149 149;88 149 149;70 65 65;70 65 65;214 247 242;214 247 242;88 149 149;88 149 149;164 243 240;164 243 240;164 243 240;164 243 240;164 243 240;164 243 240;
242 207 42;242 207 42;242 207 42;242 207 42;242 207 42;242 207 42;242 207 42;217 171 155;217 171 155;217 171 155;217 171 155;217 171 155;217 171 155;217 171 155;217 171 155;217 171 155;70 65 65;242 207 42;242 207 42;70 65 65;70 65 65;242 207 42;242 207 42;70 65 65;217 171 155;217 171 155;42 143 72;42 143 72;42 143 72;88 149 149;88 149 149;88 149 149;88 149 149;88 149 149;88 149 149;88 149 149;88 149 149;88 149 149;88 149 149;88 149 149;88 149 149;88 149 149;88 149 149;88 149 149;88 149 149;88 149 149;88 149 149;88 149 149;88 149 149;88 149 149;88 149 149;88 149 149;88 149 149;88 149 149;88 149 149;214 247 242;214 247 242;214 247 242;214 247 242;214 247 242;214 247 242;214 247 242;214 247 242;214 247 242;214 247 242;214 247 242;214 247 242;214 247 242;42 143 72;70 65 65;42 143 72;42 143 72;42 143 72;42 143 72;42 143 72;42 143 72;70 65 65;88 149 149;88 149 149;217 171 155;217 171 155;217 171 155;217 171 155;70 65 65;42 143 72;42 143 72;42 143 72;42 143 72;42 143 72;42 143 72;42 143 72;42 143 72;42 143 72;42 143 72;42 143 72;42 143 72;42 143 72;42 143 72;42 143 72;42 143 72;42 143 72;42 143 72;42 143 72;42 143 72;42 143 72;42 143 72;42 143 72;42 143 72;70 65 65;42 143 72;42 143 72;70 65 65;164 243 240;70 65 65;214 247 242;214 247 242;70 65 65;70 65 65;88 149 149;88 149 149;70 65 65;70 65 65;70 65 65;70 65 65;70 65 65;88 149 149;164 243 240;164 243 240;164 243 240;164 243 240;164 243 240;164 243 240;
242 207 42;242 207 42;242 207 42;242 207 42;242 207 42;242 207 42;242 207 42;242 207 42;217 171 155;217 171 155;217 171 155;217 171 155;217 171 155;217 171 155;217 171 155;70 65 65;70 65 65;242 207 42;242 207 42;70 65 65;70 65 65;229 233 72;229 233 72;70 65 65;42 143 72;42 143 72;42 143 72;42 143 72;42 143 72;88 149 149;88 149 149;88 149 149;88 149 149;88 149 149;88 149 149;88 149 149;88 149 149;88 149 149;88 149 149;88 149 149;88 149 149;88 149 149;88 149 149;88 149 149;88 149 149;88 149 149;88 149 149;88 149 149;88 149 149;88 149 149;88 149 149;88 149 149;88 149 149;88 149 149;88 149 149;214 247 242;214 247 242;214 247 242;214 247 242;214 247 242;214 247 242;214 247 242;214 247 242;214 247 242;214 247 242;214 247 242;214 247 242;214 247 242;70 65 65;42 143 72;42 143 72;42 143 72;70 65 65;70 65 65;42 143 72;214 247 242;214 247 242;214 247 242;214 247 242;42 143 72;42 143 72;42 143 72;70 65 65;42 143 72;42 143 72;42 143 72;42 143 72;42 143 72;42 143 72;42 143 72;42 143 72;42 143 72;42 143 72;42 143 72;42 143 72;42 143 72;42 143 72;42 143 72;42 143 72;42 143 72;42 143 72;42 143 72;42 143 72;42 143 72;42 143 72;42 143 72;42 143 72;42 143 72;70 65 65;42 143 72;42 143 72;70 65 65;88 149 149;88 149 149;88 149 149;88 149 149;88 149 149;70 65 65;88 149 149;88 149 149;70 65 65;70 65 65;70 65 65;70 65 65;70 65 65;88 149 149;164 243 240;164 243 240;164 243 240;164 243 240;164 243 240;164 243 240;
242 207 42;242 207 42;242 207 42;242 207 42;242 207 42;242 207 42;242 207 42;242 207 42;217 171 155;217 171 155;217 171 155;217 171 155;217 171 155;217 171 155;217 171 155;70 65 65;70 65 65;242 207 42;242 207 42;70 65 65;70 65 65;242 207 42;242 207 42;242 207 42;42 143 72;42 143 72;42 143 72;42 143 72;42 143 72;88 149 149;88 149 149;88 149 149;88 149 149;88 149 149;88 149 149;88 149 149;88 149 149;88 149 149;88 149 149;88 149 149;88 149 149;88 149 149;88 149 149;88 149 149;88 149 149;88 149 149;88 149 149;88 149 149;88 149 149;88 149 149;88 149 149;88 149 149;88 149 149;88 149 149;88 149 149;214 247 242;214 247 242;214 247 242;214 247 242;214 247 242;214 247 242;214 247 242;214 247 242;214 247 242;214 247 242;214 247 242;214 247 242;42 143 72;42 143 72;42 143 72;42 143 72;42 143 72;248 223 159;248 223 159;70 65 65;70 65 65;42 143 72;42 143 72;42 143 72;70 65 65;42 143 72;42 143 72;42 143 72;42 143 72;42 143 72;42 143 72;42 143 72;42 143 72;42 143 72;214 247 242;214 247 242;214 247 242;214 247 242;214 247 242;214 247 242;214 247 242;214 247 242;214 247 242;214 247 242;214 247 242;214 247 242;214 247 242;42 143 72;42 143 72;42 143 72;42 143 72;42 143 72;42 143 72;70 65 65;42 143 72;42 143 72;70 65 65;88 149 149;88 149 149;88 149 149;88 149 149;88 149 149;88 149 149;88 149 149;88 149 149;88 149 149;88 149 149;88 149 149;88 149 149;88 149 149;88 149 149;217 171 155;164 243 240;164 243 240;164 243 240;164 243 240;164 243 240;
242 207 42;242 207 42;242 207 42;242 207 42;242 207 42;242 207 42;242 207 42;242 207 42;242 207 42;217 171 155;217 171 155;217 171 155;217 171 155;217 171 155;217 171 155;88 149 149;88 149 149;242 207 42;242 207 42;70 65 65;70 65 65;70 65 65;70 65 65;42 143 72;42 143 72;42 143 72;42 143 72;42 143 72;70 65 65;70 65 65;88 149 149;88 149 149;88 149 149;88 149 149;88 149 149;88 149 149;88 149 149;88 149 149;88 149 149;88 149 149;88 149 149;88 149 149;88 149 149;88 149 149;88 149 149;88 149 149;88 149 149;88 149 149;88 149 149;88 149 149;88 149 149;88 149 149;88 149 149;88 149 149;88 149 149;214 247 242;214 247 242;214 247 242;214 247 242;214 247 242;214 247 242;214 247 242;214 247 242;214 247 242;214 247 242;214 247 242;42 143 72;70 65 65;42 143 72;42 143 72;42 143 72;42 143 72;70 65 65;70 65 65;70 65 65;42 143 72;42 143 72;42 143 72;70 65 65;42 143 72;42 143 72;42 143 72;42 143 72;42 143 72;42 143 72;42 143 72;42 143 72;42 143 72;42 143 72;42 143 72;42 143 72;42 143 72;42 143 72;42 143 72;42 143 72;42 143 72;42 143 72;42 143 72;42 143 72;42 143 72;42 143 72;42 143 72;42 143 72;42 143 72;42 143 72;42 143 72;42 143 72;42 143 72;70 65 65;42 143 72;42 143 72;70 65 65;164 243 240;164 243 240;164 243 240;164 243 240;164 243 240;164 243 240;164 243 240;164 243 240;164 243 240;88 149 149;88 149 149;88 149 149;88 149 149;88 149 149;88 149 149;88 149 149;164 243 240;164 243 240;164 243 240;164 243 240;
242 207 42;242 207 42;242 207 42;70 65 65;70 65 65;70 65 65;242 207 42;217 171 155;217 171 155;217 171 155;217 171 155;217 171 155;217 171 155;217 171 155;217 171 155;217 171 155;217 171 155;217 171 155;70 65 65;70 65 65;70 65 65;70 65 65;70 65 65;42 143 72;42 143 72;42 143 72;42 143 72;42 143 72;70 65 65;70 65 65;88 149 149;88 149 149;88 149 149;88 149 149;88 149 149;88 149 149;88 149 149;88 149 149;88 149 149;88 149 149;88 149 149;88 149 149;88 149 149;88 149 149;88 149 149;88 149 149;88 149 149;88 149 149;88 149 149;88 149 149;88 149 149;88 149 149;88 149 149;88 149 149;88 149 149;214 247 242;214 247 242;88 149 149;88 149 149;214 247 242;214 247 242;214 247 242;214 247 242;214 247 242;214 247 242;214 247 242;42 143 72;42 143 72;42 143 72;42 143 72;42 143 72;42 143 72;42 143 72;42 143 72;42 143 72;42 143 72;42 143 72;42 143 72;42 143 72;42 143 72;42 143 72;42 143 72;42 143 72;42 143 72;42 143 72;42 143 72;42 143 72;42 143 72;42 143 72;42 143 72;42 143 72;42 143 72;42 143 72;42 143 72;42 143 72;42 143 72;42 143 72;42 143 72;42 143 72;42 143 72;42 143 72;42 143 72;42 143 72;42 143 72;42 143 72;42 143 72;42 143 72;42 143 72;70 65 65;42 143 72;42 143 72;70 65 65;88 149 149;164 243 240;164 243 240;164 243 240;164 243 240;164 243 240;164 243 240;164 243 240;164 243 240;164 243 240;88 149 149;164 243 240;164 243 240;164 243 240;164 243 240;164 243 240;70 65 65;164 243 240;164 243 240;164 243 240;
70 65 65;70 65 65;70 65 65;70 65 65;70 65 65;70 65 65;70 65 65;242 207 42;217 171 155;217 171 155;217 171 155;217 171 155;217 171 155;217 171 155;217 171 155;217 171 155;217 171 155;217 171 155;70 65 65;70 65 65;70 65 65;70 65 65;70 65 65;42 143 72;42 143 72;42 143 72;42 143 72;42 143 72;70 65 65;70 65 65;88 149 149;88 149 149;88 149 149;88 149 149;88 149 149;88 149 149;88 149 149;88 149 149;88 149 149;88 149 149;88 149 149;88 149 149;88 149 149;88 149 149;88 149 149;88 149 149;88 149 149;88 149 149;88 149 149;88 149 149;88 149 149;88 149 149;88 149 149;88 149 149;88 149 149;164 243 240;164 243 240;214 247 242;214 247 242;214 247 242;214 247 242;214 247 242;214 247 242;214 247 242;214 247 242;214 247 242;70 65 65;42 143 72;42 143 72;42 143 72;42 143 72;42 143 72;42 143 72;70 65 65;42 143 72;42 143 72;42 143 72;70 65 65;42 143 72;42 143 72;42 143 72;42 143 72;42 143 72;42 143 72;42 143 72;42 143 72;42 143 72;42 143 72;42 143 72;214 247 242;214 247 242;214 247 242;214 247 242;214 247 242;214 247 242;214 247 242;214 247 242;42 143 72;42 143 72;42 143 72;42 143 72;42 143 72;42 143 72;42 143 72;42 143 72;42 143 72;42 143 72;42 143 72;70 65 65;42 143 72;42 143 72;70 65 65;70 65 65;164 243 240;164 243 240;164 243 240;164 243 240;164 243 240;164 243 240;164 243 240;164 243 240;164 243 240;88 149 149;164 243 240;164 243 240;164 243 240;164 243 240;88 149 149;88 149 149;164 243 240;164 243 240;164 243 240;
70 65 65;70 65 65;70 65 65;159 82 55;159 82 55;70 65 65;70 65 65;159 82 55;242 207 42;217 171 155;217 171 155;217 171 155;217 171 155;217 171 155;217 171 155;217 171 155;217 171 155;217 171 155;70 65 65;70 65 65;70 65 65;70 65 65;70 65 65;42 143 72;42 143 72;42 143 72;42 143 72;42 143 72;70 65 65;70 65 65;88 149 149;88 149 149;88 149 149;88 149 149;88 149 149;88 149 149;88 149 149;88 149 149;88 149 149;88 149 149;88 149 149;88 149 149;70 65 65;88 149 149;88 149 149;88 149 149;88 149 149;88 149 149;88 149 149;88 149 149;88 149 149;88 149 149;88 149 149;88 149 149;214 247 242;214 247 242;217 171 155;214 247 242;214 247 242;214 247 242;214 247 242;214 247 242;214 247 242;214 247 242;214 247 242;42 143 72;70 65 65;42 143 72;42 143 72;42 143 72;42 143 72;42 143 72;70 65 65;42 143 72;42 143 72;42 143 72;70 65 65;42 143 72;42 143 72;42 143 72;42 143 72;42 143 72;42 143 72;42 143 72;42 143 72;42 143 72;42 143 72;214 247 242;214 247 242;214 247 242;214 247 242;214 247 242;214 247 242;214 247 242;214 247 242;214 247 242;214 247 242;42 143 72;42 143 72;42 143 72;42 143 72;42 143 72;42 143 72;42 143 72;42 143 72;42 143 72;42 143 72;42 143 72;70 65 65;70 65 65;70 65 65;70 65 65;70 65 65;164 243 240;164 243 240;164 243 240;164 243 240;164 243 240;164 243 240;164 243 240;164 243 240;164 243 240;88 149 149;164 243 240;164 243 240;164 243 240;164 243 240;164 243 240;70 65 65;164 243 240;164 243 240;164 243 240;
242 207 42;242 207 42;242 207 42;242 207 42;242 207 42;242 207 42;242 207 42;242 207 42;242 207 42;242 207 42;217 171 155;217 171 155;217 171 155;70 65 65;217 171 155;217 171 155;217 171 155;217 171 155;70 65 65;70 65 65;70 65 65;70 65 65;70 65 65;42 143 72;42 143 72;42 143 72;42 143 72;42 143 72;70 65 65;70 65 65;88 149 149;88 149 149;88 149 149;88 149 149;70 65 65;70 65 65;88 149 149;88 149 149;88 149 149;88 149 149;88 149 149;88 149 149;70 65 65;88 149 149;88 149 149;88 149 149;88 149 149;70 65 65;70 65 65;88 149 149;88 149 149;88 149 149;88 149 149;88 149 149;42 143 72;42 143 72;42 143 72;217 171 155;214 247 242;214 247 242;214 247 242;214 247 242;214 247 242;214 247 242;214 247 242;42 143 72;70 65 65;42 143 72;42 143 72;42 143 72;42 143 72;42 143 72;70 65 65;42 143 72;42 143 72;42 143 72;70 65 65;42 143 72;42 143 72;42 143 72;42 143 72;42 143 72;42 143 72;42 143 72;42 143 72;42 143 72;42 143 72;42 143 72;42 143 72;42 143 72;42 143 72;42 143 72;42 143 72;42 143 72;42 143 72;42 143 72;214 247 242;214 247 242;42 143 72;42 143 72;42 143 72;42 143 72;42 143 72;42 143 72;42 143 72;42 143 72;42 143 72;42 143 72;70 65 65;70 65 65;70 65 65;70 65 65;70 65 65;164 243 240;164 243 240;164 243 240;164 243 240;164 243 240;164 243 240;164 243 240;164 243 240;164 243 240;70 65 65;164 243 240;164 243 240;164 243 240;164 243 240;164 243 240;70 65 65;164 243 240;164 243 240;164 243 240;
242 207 42;242 207 42;242 207 42;242 207 42;242 207 42;242 207 42;242 207 42;242 207 42;242 207 42;217 171 155;217 171 155;217 171 155;217 171 155;217 171 155;217 171 155;70 65 65;70 65 65;70 65 65;70 65 65;70 65 65;70 65 65;70 65 65;70 65 65;42 143 72;42 143 72;42 143 72;42 143 72;70 65 65;70 65 65;70 65 65;70 65 65;217 171 155;217 171 155;217 171 155;217 171 155;217 171 155;217 171 155;217 171 155;217 171 155;217 171 155;217 171 155;217 171 155;217 171 155;217 171 155;217 171 155;217 171 155;217 171 155;217 171 155;88 149 149;70 65 65;70 65 65;70 65 65;70 65 65;70 65 65;42 143 72;42 143 72;42 143 72;42 143 72;42 143 72;214 247 242;214 247 242;214 247 242;214 247 242;214 247 242;214 247 242;42 143 72;42 143 72;42 143 72;42 143 72;42 143 72;42 143 72;70 65 65;42 143 72;42 143 72;42 143 72;42 143 72;42 143 72;42 143 72;42 143 72;42 143 72;42 143 72;42 143 72;42 143 72;42 143 72;42 143 72;42 143 72;42 143 72;42 143 72;42 143 72;42 143 72;42 143 72;42 143 72;42 143 72;42 143 72;42 143 72;42 143 72;42 143 72;42 143 72;42 143 72;42 143 72;42 143 72;42 143 72;42 143 72;42 143 72;42 143 72;42 143 72;42 143 72;42 143 72;42 143 72;42 143 72;70 65 65;70 65 65;70 65 65;164 243 240;164 243 240;164 243 240;164 243 240;164 243 240;164 243 240;164 243 240;164 243 240;164 243 240;70 65 65;164 243 240;164 243 240;164 243 240;164 243 240;164 243 240;70 65 65;164 243 240;164 243 240;164 243 240;
242 207 42;242 207 42;242 207 42;242 207 42;242 207 42;242 207 42;242 207 42;242 207 42;242 207 42;217 171 155;217 171 155;217 171 155;217 171 155;217 171 155;70 65 65;70 65 65;70 65 65;217 171 155;217 171 155;70 65 65;70 65 65;70 65 65;70 65 65;42 143 72;42 143 72;42 143 72;42 143 72;70 65 65;70 65 65;70 65 65;70 65 65;248 223 159;248 223 159;248 223 159;248 223 159;248 223 159;248 223 159;248 223 159;248 223 159;248 223 159;248 223 159;248 223 159;248 223 159;248 223 159;248 223 159;248 223 159;248 223 159;248 223 159;248 223 159;248 223 159;248 223 159;248 223 159;248 223 159;248 223 159;42 143 72;42 143 72;42 143 72;42 143 72;42 143 72;214 247 242;214 247 242;214 247 242;214 247 242;214 247 242;214 247 242;42 143 72;42 143 72;70 65 65;42 143 72;42 143 72;42 143 72;42 143 72;42 143 72;42 143 72;42 143 72;42 143 72;42 143 72;42 143 72;42 143 72;42 143 72;42 143 72;42 143 72;42 143 72;42 143 72;42 143 72;42 143 72;42 143 72;42 143 72;42 143 72;42 143 72;42 143 72;42 143 72;42 143 72;42 143 72;42 143 72;42 143 72;42 143 72;42 143 72;42 143 72;42 143 72;42 143 72;42 143 72;42 143 72;42 143 72;42 143 72;42 143 72;42 143 72;42 143 72;42 143 72;42 143 72;70 65 65;70 65 65;70 65 65;164 243 240;164 243 240;164 243 240;164 243 240;164 243 240;88 149 149;70 65 65;70 65 65;70 65 65;164 243 240;164 243 240;164 243 240;164 243 240;164 243 240;164 243 240;70 65 65;164 243 240;159 82 55;164 243 240;
242 207 42;242 207 42;242 207 42;242 207 42;242 207 42;229 233 72;229 233 72;229 233 72;242 207 42;242 207 42;217 171 155;217 171 155;217 171 155;217 171 155;70 65 65;70 65 65;70 65 65;70 65 65;70 65 65;70 65 65;70 65 65;70 65 65;217 171 155;217 171 155;42 143 72;42 143 72;42 143 72;70 65 65;70 65 65;70 65 65;70 65 65;217 171 155;248 223 159;248 223 159;248 223 159;248 223 159;248 223 159;248 223 159;248 223 159;248 223 159;248 223 159;248 223 159;248 223 159;248 223 159;248 223 159;248 223 159;248 223 159;248 223 159;70 65 65;70 65 65;229 233 72;248 223 159;248 223 159;70 65 65;42 143 72;42 143 72;42 143 72;42 143 72;42 143 72;164 243 240;214 247 242;214 247 242;214 247 242;214 247 242;214 247 242;42 143 72;42 143 72;70 65 65;70 65 65;70 65 65;70 65 65;42 143 72;42 143 72;70 65 65;70 65 65;70 65 65;70 65 65;70 65 65;70 65 65;70 65 65;70 65 65;70 65 65;70 65 65;70 65 65;70 65 65;70 65 65;70 65 65;70 65 65;70 65 65;70 65 65;70 65 65;70 65 65;70 65 65;70 65 65;70 65 65;70 65 65;70 65 65;70 65 65;70 65 65;70 65 65;70 65 65;70 65 65;70 65 65;70 65 65;70 65 65;70 65 65;70 65 65;70 65 65;70 65 65;70 65 65;70 65 65;70 65 65;70 65 65;88 149 149;88 149 149;88 149 149;88 149 149;88 149 149;88 149 149;88 149 149;88 149 149;88 149 149;88 149 149;88 149 149;88 149 149;88 149 149;88 149 149;88 149 149;159 82 55;159 82 55;159 82 55;159 82 55;
248 223 159;242 207 42;242 207 42;242 207 42;242 207 42;242 207 42;229 233 72;229 233 72;242 207 42;242 207 42;159 82 55;159 82 55;159 82 55;159 82 55;70 65 65;70 65 65;70 65 65;70 65 65;70 65 65;70 65 65;70 65 65;70 65 65;159 82 55;159 82 55;159 82 55;159 82 55;159 82 55;70 65 65;70 65 65;70 65 65;70 65 65;217 171 155;217 171 155;248 223 159;248 223 159;248 223 159;248 223 159;248 223 159;248 223 159;248 223 159;248 223 159;248 223 159;248 223 159;248 223 159;248 223 159;217 171 155;217 171 155;217 171 155;70 65 65;70 65 65;248 223 159;248 223 159;248 223 159;70 65 65;70 65 65;70 65 65;70 65 65;70 65 65;70 65 65;70 65 65;214 247 242;214 247 242;214 247 242;214 247 242;214 247 242;214 247 242;42 143 72;42 143 72;42 143 72;42 143 72;42 143 72;42 143 72;70 65 65;70 65 65;70 65 65;70 65 65;70 65 65;70 65 65;70 65 65;70 65 65;70 65 65;70 65 65;70 65 65;70 65 65;70 65 65;70 65 65;70 65 65;70 65 65;70 65 65;70 65 65;70 65 65;70 65 65;70 65 65;70 65 65;70 65 65;70 65 65;70 65 65;70 65 65;70 65 65;70 65 65;70 65 65;70 65 65;70 65 65;70 65 65;70 65 65;70 65 65;70 65 65;70 65 65;70 65 65;70 65 65;70 65 65;70 65 65;70 65 65;70 65 65;70 65 65;70 65 65;70 65 65;70 65 65;70 65 65;70 65 65;70 65 65;70 65 65;70 65 65;70 65 65;70 65 65;70 65 65;70 65 65;70 65 65;159 82 55;159 82 55;159 82 55;159 82 55;
242 207 42;242 207 42;242 207 42;242 207 42;242 207 42;242 207 42;242 207 42;242 207 42;242 207 42;159 82 55;159 82 55;159 82 55;159 82 55;70 65 65;70 65 65;70 65 65;70 65 65;70 65 65;70 65 65;70 65 65;70 65 65;70 65 65;159 82 55;159 82 55;159 82 55;159 82 55;159 82 55;70 65 65;70 65 65;70 65 65;159 82 55;217 171 155;217 171 155;217 171 155;248 223 159;248 223 159;248 223 159;248 223 159;248 223 159;248 223 159;248 223 159;248 223 159;248 223 159;248 223 159;248 223 159;248 223 159;248 223 159;248 223 159;248 223 159;248 223 159;248 223 159;248 223 159;248 223 159;159 82 55;70 65 65;70 65 65;70 65 65;70 65 65;70 65 65;70 65 65;214 247 242;214 247 242;214 247 242;214 247 242;214 247 242;214 247 242;42 143 72;42 143 72;42 143 72;42 143 72;42 143 72;42 143 72;42 143 72;70 65 65;70 65 65;70 65 65;70 65 65;70 65 65;70 65 65;70 65 65;70 65 65;70 65 65;70 65 65;70 65 65;70 65 65;70 65 65;70 65 65;70 65 65;70 65 65;70 65 65;70 65 65;70 65 65;70 65 65;70 65 65;70 65 65;70 65 65;70 65 65;70 65 65;70 65 65;70 65 65;70 65 65;70 65 65;70 65 65;70 65 65;70 65 65;70 65 65;70 65 65;70 65 65;70 65 65;70 65 65;70 65 65;70 65 65;70 65 65;70 65 65;70 65 65;70 65 65;70 65 65;70 65 65;70 65 65;70 65 65;70 65 65;70 65 65;70 65 65;70 65 65;70 65 65;70 65 65;70 65 65;70 65 65;70 65 65;159 82 55;159 82 55;159 82 55;
242 207 42;242 207 42;242 207 42;242 207 42;242 207 42;242 207 42;242 207 42;242 207 42;242 207 42;159 82 55;159 82 55;159 82 55;159 82 55;70 65 65;70 65 65;70 65 65;70 65 65;70 65 65;70 65 65;70 65 65;159 82 55;159 82 55;159 82 55;159 82 55;159 82 55;159 82 55;70 65 65;70 65 65;70 65 65;70 65 65;159 82 55;217 171 155;217 171 155;217 171 155;217 171 155;217 171 155;248 223 159;248 223 159;248 223 159;248 223 159;248 223 159;248 223 159;248 223 159;248 223 159;248 223 159;248 223 159;248 223 159;248 223 159;248 223 159;248 223 159;248 223 159;248 223 159;248 223 159;159 82 55;70 65 65;70 65 65;70 65 65;70 65 65;70 65 65;70 65 65;214 247 242;214 247 242;214 247 242;214 247 242;214 247 242;214 247 242;159 82 55;70 65 65;70 65 65;70 65 65;242 207 42;214 247 242;214 247 242;70 65 65;70 65 65;70 65 65;70 65 65;70 65 65;70 65 65;70 65 65;70 65 65;70 65 65;70 65 65;70 65 65;70 65 65;70 65 65;70 65 65;70 65 65;70 65 65;70 65 65;70 65 65;70 65 65;70 65 65;70 65 65;70 65 65;70 65 65;70 65 65;70 65 65;70 65 65;70 65 65;70 65 65;70 65 65;70 65 65;70 65 65;70 65 65;70 65 65;70 65 65;70 65 65;70 65 65;70 65 65;70 65 65;70 65 65;70 65 65;70 65 65;70 65 65;70 65 65;70 65 65;70 65 65;70 65 65;70 65 65;70 65 65;70 65 65;70 65 65;70 65 65;70 65 65;70 65 65;70 65 65;70 65 65;70 65 65;159 82 55;159 82 55;159 82 55;
248 223 159;242 207 42;242 207 42;242 207 42;242 207 42;242 207 42;242 207 42;242 207 42;159 82 55;159 82 55;159 82 55;159 82 55;159 82 55;70 65 65;70 65 65;70 65 65;70 65 65;70 65 65;70 65 65;70 65 65;70 65 65;70 65 65;159 82 55;159 82 55;159 82 55;159 82 55;70 65 65;70 65 65;70 65 65;70 65 65;70 65 65;217 171 155;217 171 155;217 171 155;217 171 155;217 171 155;217 171 155;217 171 155;217 171 155;248 223 159;248 223 159;248 223 159;248 223 159;248 223 159;248 223 159;248 223 159;248 223 159;248 223 159;248 223 159;248 223 159;248 223 159;248 223 159;248 223 159;159 82 55;70 65 65;70 65 65;70 65 65;70 65 65;70 65 65;70 65 65;70 65 65;217 171 155;214 247 242;214 247 242;214 247 242;214 247 242;214 247 242;214 247 242;214 247 242;214 247 242;214 247 242;214 247 242;214 247 242;70 65 65;70 65 65;70 65 65;70 65 65;70 65 65;70 65 65;70 65 65;217 171 155;217 171 155;70 65 65;70 65 65;70 65 65;70 65 65;70 65 65;159 82 55;214 247 242;214 247 242;159 82 55;70 65 65;70 65 65;70 65 65;70 65 65;70 65 65;70 65 65;70 65 65;70 65 65;70 65 65;70 65 65;70 65 65;70 65 65;70 65 65;70 65 65;70 65 65;70 65 65;70 65 65;70 65 65;70 65 65;70 65 65;70 65 65;70 65 65;159 82 55;214 247 242;214 247 242;159 82 55;70 65 65;70 65 65;70 65 65;70 65 65;70 65 65;70 65 65;70 65 65;70 65 65;70 65 65;70 65 65;70 65 65;159 82 55;159 82 55;159 82 55;159 82 55;
242 207 42;242 207 42;242 207 42;242 207 42;242 207 42;242 207 42;242 207 42;242 207 42;159 82 55;159 82 55;159 82 55;159 82 55;159 82 55;70 65 65;70 65 65;70 65 65;70 65 65;70 65 65;70 65 65;70 65 65;70 65 65;70 65 65;159 82 55;159 82 55;159 82 55;159 82 55;70 65 65;70 65 65;70 65 65;70 65 65;70 65 65;217 171 155;217 171 155;217 171 155;217 171 155;217 171 155;217 171 155;217 171 155;217 171 155;217 171 155;217 171 155;217 171 155;248 223 159;248 223 159;248 223 159;248 223 159;248 223 159;248 223 159;248 223 159;248 223 159;248 223 159;248 223 159;248 223 159;70 65 65;70 65 65;70 65 65;70 65 65;70 65 65;70 65 65;70 65 65;70 65 65;70 65 65;159 82 55;159 82 55;159 82 55;159 82 55;214 247 242;214 247 242;214 247 242;214 247 242;214 247 242;214 247 242;214 247 242;214 247 242;70 65 65;70 65 65;70 65 65;70 65 65;70 65 65;70 65 65;214 247 242;214 247 242;70 65 65;70 65 65;70 65 65;70 65 65;70 65 65;70 65 65;214 247 242;214 247 242;159 82 55;70 65 65;70 65 65;70 65 65;70 65 65;70 65 65;70 65 65;70 65 65;70 65 65;70 65 65;70 65 65;70 65 65;70 65 65;70 65 65;70 65 65;70 65 65;70 65 65;70 65 65;70 65 65;70 65 65;70 65 65;70 65 65;70 65 65;159 82 55;214 247 242;214 247 242;159 82 55;70 65 65;70 65 65;159 82 55;159 82 55;159 82 55;159 82 55;159 82 55;159 82 55;159 82 55;159 82 55;159 82 55;159 82 55;159 82 55;159 82 55;159 82 55;
242 207 42;242 207 42;242 207 42;242 207 42;242 207 42;242 207 42;242 207 42;242 207 42;159 82 55;159 82 55;159 82 55;159 82 55;159 82 55;70 65 65;70 65 65;70 65 65;70 65 65;70 65 65;70 65 65;70 65 65;70 65 65;70 65 65;159 82 55;159 82 55;159 82 55;159 82 55;70 65 65;70 65 65;70 65 65;70 65 65;70 65 65;70 65 65;217 171 155;217 171 155;217 171 155;217 171 155;217 171 155;217 171 155;217 171 155;217 171 155;217 171 155;217 171 155;217 171 155;217 171 155;217 171 155;217 171 155;217 171 155;217 171 155;217 171 155;217 171 155;217 171 155;217 171 155;70 65 65;70 65 65;70 65 65;70 65 65;70 65 65;70 65 65;70 65 65;70 65 65;70 65 65;70 65 65;70 65 65;70 65 65;159 82 55;159 82 55;164 243 240;214 247 242;214 247 242;214 247 242;214 247 242;214 247 242;214 247 242;214 247 242;214 247 242;214 247 242;214 247 242;214 247 242;70 65 65;70 65 65;217 171 155;217 171 155;70 65 65;214 247 242;214 247 242;214 247 242;70 65 65;70 65 65;217 171 155;217 171 155;70 65 65;214 247 242;214 247 242;214 247 242;214 247 242;214 247 242;70 65 65;70 65 65;70 65 65;70 65 65;70 65 65;214 247 242;214 247 242;214 247 242;214 247 242;214 247 242;214 247 242;214 247 242;214 247 242;214 247 242;214 247 242;214 247 242;70 65 65;159 82 55;214 247 242;214 247 242;159 82 55;159 82 55;159 82 55;159 82 55;159 82 55;159 82 55;159 82 55;159 82 55;159 82 55;159 82 55;159 82 55;159 82 55;159 82 55;159 82 55;159 82 55;159 82 55;
242 207 42;242 207 42;242 207 42;242 207 42;242 207 42;242 207 42;242 207 42;242 207 42;159 82 55;159 82 55;159 82 55;159 82 55;159 82 55;159 82 55;159 82 55;159 82 55;159 82 55;159 82 55;159 82 55;159 82 55;70 65 65;70 65 65;159 82 55;159 82 55;159 82 55;159 82 55;70 65 65;70 65 65;70 65 65;70 65 65;70 65 65;70 65 65;217 171 155;217 171 155;217 171 155;217 171 155;217 171 155;217 171 155;217 171 155;217 171 155;217 171 155;217 171 155;217 171 155;217 171 155;217 171 155;217 171 155;217 171 155;217 171 155;217 171 155;217 171 155;217 171 155;217 171 155;70 65 65;70 65 65;70 65 65;70 65 65;70 65 65;70 65 65;70 65 65;70 65 65;70 65 65;70 65 65;70 65 65;70 65 65;70 65 65;70 65 65;70 65 65;214 247 242;214 247 242;214 247 242;214 247 242;214 247 242;214 247 242;214 247 242;214 247 242;214 247 242;214 247 242;214 247 242;214 247 242;70 65 65;70 65 65;70 65 65;70 65 65;214 247 242;214 247 242;214 247 242;214 247 242;70 65 65;70 65 65;70 65 65;70 65 65;214 247 242;214 247 242;214 247 242;214 247 242;214 247 242;214 247 242;214 247 242;214 247 242;214 247 242;214 247 242;214 247 242;214 247 242;214 247 242;214 247 242;214 247 242;214 247 242;214 247 242;214 247 242;214 247 242;214 247 242;214 247 242;214 247 242;159 82 55;159 82 55;159 82 55;70 65 65;159 82 55;159 82 55;159 82 55;159 82 55;159 82 55;159 82 55;159 82 55;159 82 55;159 82 55;159 82 55;159 82 55;159 82 55;159 82 55;159 82 55;159 82 55;
159 82 55;159 82 55;70 65 65;159 82 55;159 82 55;159 82 55;159 82 55;159 82 55;159 82 55;159 82 55;159 82 55;159 82 55;159 82 55;159 82 55;159 82 55;159 82 55;159 82 55;159 82 55;159 82 55;217 171 155;217 171 155;159 82 55;159 82 55;159 82 55;159 82 55;70 65 65;70 65 65;70 65 65;70 65 65;70 65 65;70 65 65;70 65 65;70 65 65;70 65 65;70 65 65;70 65 65;70 65 65;70 65 65;70 65 65;70 65 65;70 65 65;70 65 65;70 65 65;70 65 65;70 65 65;70 65 65;70 65 65;214 247 242;214 247 242;70 65 65;70 65 65;70 65 65;70 65 65;70 65 65;70 65 65;70 65 65;70 65 65;70 65 65;70 65 65;70 65 65;70 65 65;70 65 65;70 65 65;70 65 65;70 65 65;70 65 65;70 65 65;70 65 65;70 65 65;70 65 65;70 65 65;214 247 242;214 247 242;214 247 242;214 247 242;214 247 242;214 247 242;214 247 242;214 247 242;70 65 65;70 65 65;70 65 65;214 247 242;214 247 242;214 247 242;214 247 242;214 247 242;214 247 242;70 65 65;70 65 65;214 247 242;214 247 242;214 247 242;214 247 242;214 247 242;214 247 242;214 247 242;214 247 242;214 247 242;214 247 242;214 247 242;214 247 242;214 247 242;214 247 242;214 247 242;214 247 242;214 247 242;214 247 242;214 247 242;214 247 242;214 247 242;214 247 242;214 247 242;70 65 65;70 65 65;70 65 65;159 82 55;159 82 55;159 82 55;159 82 55;159 82 55;159 82 55;159 82 55;159 82 55;159 82 55;159 82 55;159 82 55;159 82 55;159 82 55;159 82 55;159 82 55;159 82 55;
164 243 240;164 243 240;164 243 240;164 243 240;164 243 240;164 243 240;164 243 240;164 243 240;164 243 240;164 243 240;164 243 240;164 243 240;164 243 240;164 243 240;164 243 240;164 243 240;164 243 240;164 243 240;164 243 240;164 243 240;164 243 240;164 243 240;164 243 240;164 243 240;164 243 240;164 243 240;164 243 240;164 243 240;164 243 240;164 243 240;164 243 240;164 243 240;164 243 240;164 243 240;164 243 240;164 243 240;164 243 240;164 243 240;164 243 240;164 243 240;164 243 240;164 243 240;164 243 240;164 243 240;164 243 240;164 243 240;164 243 240;164 243 240;217 171 155;217 171 155;217 171 155;217 171 155;217 171 155;217 171 155;217 171 155;217 171 155;217 171 155;217 171 155;217 171 155;217 171 155;217 171 155;217 171 155;217 171 155;217 171 155;217 171 155;217 171 155;217 171 155;217 171 155;217 171 155;217 171 155;217 171 155;217 171 155;217 171 155;217 171 155;217 171 155;217 171 155;217 171 155;217 171 155;217 171 155;217 171 155;217 171 155;217 171 155;217 171 155;217 171 155;217 171 155;217 171 155;217 171 155;42 143 72;42 143 72;42 143 72;42 143 72;42 143 72;42 143 72;42 143 72;42 143 72;42 143 72;42 143 72;42 143 72;42 143 72;42 143 72;42 143 72;42 143 72;42 143 72;42 143 72;42 143 72;42 143 72;42 143 72;42 143 72;42 143 72;42 143 72;42 143 72;42 143 72;42 143 72;42 143 72;42 143 72;42 143 72;42 143 72;42 143 72;42 143 72;42 143 72;42 143 72;42 143 72;42 143 72;42 143 72;42 143 72;42 143 72;42 143 72;42 143 72;42 143 72;42 143 72;42 143 72;42 143 72;
70 65 65;70 65 65;70 65 65;70 65 65;70 65 65;70 65 65;70 65 65;70 65 65;70 65 65;70 65 65;70 65 65;70 65 65;70 65 65;70 65 65;70 65 65;70 65 65;70 65 65;70 65 65;70 65 65;70 65 65;70 65 65;70 65 65;70 65 65;70 65 65;70 65 65;70 65 65;70 65 65;70 65 65;70 65 65;70 65 65;70 65 65;70 65 65;70 65 65;70 65 65;70 65 65;70 65 65;70 65 65;70 65 65;70 65 65;70 65 65;70 65 65;70 65 65;70 65 65;70 65 65;70 65 65;70 65 65;70 65 65;70 65 65;70 65 65;70 65 65;70 65 65;70 65 65;70 65 65;70 65 65;70 65 65;70 65 65;70 65 65;70 65 65;70 65 65;70 65 65;70 65 65;70 65 65;70 65 65;70 65 65;70 65 65;70 65 65;70 65 65;70 65 65;70 65 65;70 65 65;70 65 65;70 65 65;70 65 65;70 65 65;70 65 65;70 65 65;70 65 65;70 65 65;70 65 65;70 65 65;70 65 65;70 65 65;70 65 65;70 65 65;70 65 65;70 65 65;70 65 65;70 65 65;70 65 65;70 65 65;70 65 65;70 65 65;70 65 65;70 65 65;70 65 65;70 65 65;70 65 65;70 65 65;70 65 65;70 65 65;70 65 65;70 65 65;70 65 65;70 65 65;70 65 65;70 65 65;70 65 65;70 65 65;70 65 65;70 65 65;70 65 65;70 65 65;70 65 65;70 65 65;70 65 65;70 65 65;70 65 65;70 65 65;70 65 65;70 65 65;70 65 65;70 65 65;70 65 65;70 65 65;70 65 65;70 65 65;70 65 65;70 65 65;70 65 65;70 65 65;70 65 65;70 65 65;
70 65 65;70 65 65;70 65 65;70 65 65;70 65 65;70 65 65;70 65 65;70 65 65;70 65 65;70 65 65;70 65 65;70 65 65;70 65 65;70 65 65;70 65 65;70 65 65;70 65 65;70 65 65;70 65 65;70 65 65;70 65 65;70 65 65;70 65 65;70 65 65;70 65 65;70 65 65;70 65 65;70 65 65;70 65 65;70 65 65;70 65 65;70 65 65;70 65 65;70 65 65;70 65 65;70 65 65;70 65 65;70 65 65;70 65 65;70 65 65;70 65 65;70 65 65;70 65 65;70 65 65;70 65 65;70 65 65;70 65 65;70 65 65;70 65 65;70 65 65;70 65 65;70 65 65;70 65 65;70 65 65;70 65 65;70 65 65;70 65 65;70 65 65;70 65 65;70 65 65;70 65 65;70 65 65;70 65 65;70 65 65;70 65 65;70 65 65;70 65 65;70 65 65;70 65 65;70 65 65;70 65 65;70 65 65;70 65 65;70 65 65;70 65 65;70 65 65;70 65 65;70 65 65;70 65 65;70 65 65;70 65 65;70 65 65;70 65 65;70 65 65;70 65 65;70 65 65;70 65 65;70 65 65;70 65 65;70 65 65;70 65 65;70 65 65;70 65 65;70 65 65;70 65 65;70 65 65;70 65 65;70 65 65;70 65 65;70 65 65;70 65 65;70 65 65;70 65 65;70 65 65;70 65 65;70 65 65;70 65 65;70 65 65;70 65 65;70 65 65;70 65 65;70 65 65;70 65 65;70 65 65;70 65 65;70 65 65;70 65 65;70 65 65;70 65 65;70 65 65;70 65 65;70 65 65;70 65 65;70 65 65;70 65 65;70 65 65;70 65 65;70 65 65;70 65 65;70 65 65;70 65 65;70 65 65;
70 65 65;70 65 65;70 65 65;70 65 65;70 65 65;70 65 65;70 65 65;70 65 65;70 65 65;70 65 65;70 65 65;70 65 65;70 65 65;70 65 65;70 65 65;70 65 65;70 65 65;70 65 65;70 65 65;70 65 65;70 65 65;70 65 65;70 65 65;70 65 65;70 65 65;70 65 65;70 65 65;70 65 65;70 65 65;70 65 65;70 65 65;70 65 65;70 65 65;70 65 65;70 65 65;70 65 65;70 65 65;70 65 65;70 65 65;70 65 65;70 65 65;70 65 65;70 65 65;70 65 65;70 65 65;70 65 65;70 65 65;70 65 65;70 65 65;70 65 65;70 65 65;70 65 65;70 65 65;70 65 65;70 65 65;70 65 65;70 65 65;70 65 65;70 65 65;70 65 65;70 65 65;70 65 65;70 65 65;70 65 65;70 65 65;70 65 65;70 65 65;70 65 65;70 65 65;70 65 65;70 65 65;70 65 65;70 65 65;70 65 65;70 65 65;70 65 65;70 65 65;70 65 65;70 65 65;70 65 65;70 65 65;70 65 65;70 65 65;70 65 65;70 65 65;70 65 65;70 65 65;70 65 65;70 65 65;70 65 65;70 65 65;70 65 65;70 65 65;70 65 65;70 65 65;70 65 65;70 65 65;70 65 65;70 65 65;70 65 65;70 65 65;70 65 65;70 65 65;70 65 65;70 65 65;70 65 65;70 65 65;70 65 65;70 65 65;70 65 65;70 65 65;70 65 65;70 65 65;70 65 65;70 65 65;70 65 65;70 65 65;70 65 65;70 65 65;70 65 65;70 65 65;70 65 65;70 65 65;70 65 65;70 65 65;70 65 65;70 65 65;70 65 65;70 65 65;70 65 65;70 65 65;70 65 65;
159 82 55;159 82 55;159 82 55;159 82 55;159 82 55;159 82 55;159 82 55;159 82 55;159 82 55;159 82 55;159 82 55;159 82 55;159 82 55;159 82 55;159 82 55;159 82 55;159 82 55;159 82 55;159 82 55;159 82 55;159 82 55;159 82 55;159 82 55;159 82 55;159 82 55;159 82 55;159 82 55;159 82 55;159 82 55;159 82 55;159 82 55;159 82 55;159 82 55;159 82 55;159 82 55;159 82 55;159 82 55;159 82 55;159 82 55;159 82 55;159 82 55;159 82 55;159 82 55;159 82 55;159 82 55;159 82 55;159 82 55;159 82 55;159 82 55;159 82 55;159 82 55;159 82 55;159 82 55;159 82 55;159 82 55;159 82 55;159 82 55;159 82 55;159 82 55;159 82 55;159 82 55;159 82 55;159 82 55;159 82 55;159 82 55;159 82 55;159 82 55;159 82 55;159 82 55;159 82 55;159 82 55;159 82 55;159 82 55;159 82 55;159 82 55;159 82 55;159 82 55;159 82 55;159 82 55;159 82 55;159 82 55;159 82 55;159 82 55;159 82 55;159 82 55;159 82 55;159 82 55;159 82 55;159 82 55;159 82 55;159 82 55;159 82 55;159 82 55;159 82 55;159 82 55;159 82 55;159 82 55;159 82 55;159 82 55;159 82 55;159 82 55;159 82 55;159 82 55;159 82 55;159 82 55;159 82 55;159 82 55;159 82 55;159 82 55;159 82 55;159 82 55;159 82 55;159 82 55;159 82 55;159 82 55;159 82 55;159 82 55;159 82 55;159 82 55;159 82 55;159 82 55;159 82 55;159 82 55;159 82 55;159 82 55;159 82 55;159 82 55;159 82 55;159 82 55;159 82 55;159 82 55;159 82 55;
159 82 55;159 82 55;159 82 55;159 82 55;159 82 55;159 82 55;159 82 55;159 82 55;159 82 55;159 82 55;159 82 55;159 82 55;159 82 55;159 82 55;159 82 55;159 82 55;159 82 55;159 82 55;159 82 55;159 82 55;159 82 55;159 82 55;159 82 55;159 82 55;159 82 55;159 82 55;159 82 55;159 82 55;159 82 55;159 82 55;159 82 55;159 82 55;159 82 55;159 82 55;159 82 55;159 82 55;159 82 55;159 82 55;159 82 55;159 82 55;159 82 55;159 82 55;159 82 55;159 82 55;159 82 55;159 82 55;159 82 55;159 82 55;159 82 55;159 82 55;159 82 55;159 82 55;159 82 55;159 82 55;159 82 55;159 82 55;159 82 55;159 82 55;159 82 55;159 82 55;159 82 55;159 82 55;159 82 55;159 82 55;159 82 55;159 82 55;159 82 55;159 82 55;159 82 55;159 82 55;159 82 55;159 82 55;159 82 55;159 82 55;159 82 55;159 82 55;159 82 55;159 82 55;159 82 55;159 82 55;159 82 55;159 82 55;159 82 55;159 82 55;159 82 55;159 82 55;159 82 55;159 82 55;159 82 55;159 82 55;159 82 55;159 82 55;159 82 55;159 82 55;159 82 55;159 82 55;159 82 55;159 82 55;159 82 55;159 82 55;159 82 55;159 82 55;159 82 55;159 82 55;159 82 55;159 82 55;159 82 55;159 82 55;159 82 55;159 82 55;159 82 55;159 82 55;159 82 55;159 82 55;159 82 55;159 82 55;159 82 55;159 82 55;159 82 55;159 82 55;159 82 55;159 82 55;159 82 55;159 82 55;159 82 55;159 82 55;159 82 55;159 82 55;159 82 55;159 82 55;159 82 55;159 82 55;